"","R.mean","G.mean","B.mean","R.sd","G.sd","B.sd","col","K.mean","fungus_temp"
"1",192.721484172289,189.170679813181,168.455993772704,15.1402058724228,14.3487071119944,20.8922575572809,"#C1BDA8",0.244229473834163,"C29_15"
"2",203.152850518731,203.406754702415,201.375521232945,11.7409765267367,11.584409767921,13.1917741347991,"#CBCBC9",0.202326452147393,"C29_15"
"3",198.192408293461,195.993799043062,176.917907496013,19.3643765935044,18.7727194925558,23.4379811868548,"#C6C4B1",0.222774869437408,"C29_15"
"4",193.041576299444,187.093952404137,160.021422564511,5.19959878796059,4.48909852788712,4.73285680378973,"#C1BBA0",0.242974210590416,"C29_15"
