"","R.mean","G.mean","B.mean","R.sd","G.sd","B.sd","col","K.mean","fungus_temp"
"1",185.186177027721,180.985223065337,159.832858116288,10.6544025325456,11.6399355994326,19.7468348952609,"#B9B5A0",0.273779697930504,"C34_18"
"2",215.064904568069,214.415468113976,211.693427408412,11.305447517593,12.0778551967771,16.6609994525591,"#D7D6D4",0.156608217380123,"C34_18"
"3",194.122745675377,189.339187128661,166.205215836795,5.36856715288287,4.69941396535714,11.5320486195275,"#C2BDA6",0.238734330684795,"C34_18"
"4",188.056599802651,183.018165069245,157.823433111833,9.40799630134055,9.5527508741107,15.8561962575463,"#BCB79E",0.262523138028819,"C34_18"
