"","R.mean","G.mean","B.mean","R.sd","G.sd","B.sd","col","K.mean","fungus_temp"
"1",186.543426384829,184.062521474327,161.805159015923,16.2096038705631,16.245301744642,22.5721983260877,"#BBB8A2",0.268457151432042,"C34_12"
"2",194.125402546903,193.394784929713,182.80400308675,18.3202194729724,17.5177875548455,23.648945271278,"#C2C1B7",0.238723911580774,"C34_12"
"3",208.959080874975,205.837848685531,184.847782460365,12.2580622732025,11.8853405466879,19.6398843843927,"#D1CEB9",0.180552624019706,"C34_12"
"4",188.562533285993,183.333219914393,155.168180562952,7.56701955682667,8.86284865054082,14.4727940044818,"#BDB79B",0.260539085152968,"C34_12"
