"","R.mean","G.mean","B.mean","R.sd","G.sd","B.sd","col","K.mean","fungus_temp"
"1",187.540622393327,185.084106512672,169.475611164581,13.5117516679961,13.1002444744843,18.6452041732179,"#BCB9A9",0.264546578849698,"C40_12"
"2",196.204306653491,193.69071969697,181.999711791831,15.3914664719967,15.256847291174,19.539239338936,"#C4C2B6",0.230571346456896,"C40_12"
"3",206.157311690297,202.497138571483,181.621178392632,6.00300024856475,5.60559004218485,9.03802474876961,"#CECAB6",0.191539954155698,"C40_12"
"4",192.15427769986,188.400303880318,168.298309178744,7.46695701635796,6.99339830187681,8.68213059647974,"#C0BCA8",0.246453812941726,"C40_12"
