"","R.mean","G.mean","B.mean","R.sd","G.sd","B.sd","col","K.mean","fungus_temp"
"1",195.05710866964,191.702817361036,166.870526487545,10.8510627273333,9.98865363223818,8.92761949427596,"#C3C0A7",0.235070162079843,"C40_15"
"2",200.255775568993,197.509282952275,173.066685697973,15.0482263666603,13.9441571930453,13.3137404444703,"#C8C6AD",0.214683233062773,"C40_15"
"3",210.070854091368,206.601478297678,177.356484647195,7.74221559766342,7.58870583809544,9.50599599307383,"#D2CFB1",0.176192729053459,"C40_15"
"4",188.26171997246,184.539786359559,159.561682418477,14.3123270891459,13.4662014478394,12.0564858289035,"#BCB9A0",0.261718745206038,"C40_15"
