"","R.mean","G.mean","B.mean","R.sd","G.sd","B.sd","col","K.mean","fungus_temp"
"1",188.002616431188,169.865939723083,141.712645141217,9.54106165444134,11.641719510708,14.9512325055515,"#BCAA8E",0.262734837524754,"DF04_24"
"2",212.435220984839,192.563978571612,169.133372988335,8.75366861950911,8.6306593822847,13.3932179001577,"#D4C1A9",0.166920702020238,"DF04_24"
"3",211.186839544098,189.339200464943,168.920300183117,8.55734581467919,9.75109288439386,10.1099266796098,"#D3BDA9",0.171816315513341,"DF04_24"
"4",190.514018691589,167.810208483106,149.259525521208,5.76178658315858,5.55546882282635,6.85068453686409,"#BFA895",0.252886201209456,"DF04_24"
