"","R.mean","G.mean","B.mean","R.sd","G.sd","B.sd","col","K.mean","fungus_temp"
"1",188.208114725428,185.268765302553,169.524728926198,11.5777581727868,11.6437890363112,16.6422808108318,"#BCB9AA",0.261928961861065,"DF04_12"
"2",193.959959123003,191.255016722408,176.321627647715,16.9629941443476,17.1104456157099,21.0071960989239,"#C2BFB0",0.239372709321559,"DF04_12"
"3",209.674608197709,198.39082278481,171.429008438819,3.92583487047886,8.51062471261243,9.65907773279886,"#D2C6AB",0.177746634518786,"DF04_12"
"4",190.331515337134,177.609656975922,151.446107996042,8.91494405283953,8.22905865662348,10.869730681481,"#BEB297",0.253601900638689,"DF04_12"
