"","R.mean","G.mean","B.mean","R.sd","G.sd","B.sd","col","K.mean","fungus_temp"
"1",105.87107527979,104.19058634101,95.7871982401831,49.181214982548,48.4735860184634,48.7342765596579,"#6A6860",0.584819312628273,"DF09_21"
"2",208.434143776293,207.759272147983,207.81161067805,18.8968019332933,19.5325270404088,23.2989304969916,"#D0D0D0",0.182611200877282,"DF09_21"
"3",128.160960207188,122.80529200216,114.450387863315,50.1749981971845,52.234226521656,56.5764300551077,"#807B72",0.497407999187499,"DF09_21"
"4",89.8927994380049,84.6837841002225,75.0536471139211,9.31377800969616,7.69965636768217,8.46928645123408,"#5A554B",0.647479217890177,"DF09_21"
