"","R.mean","G.mean","B.mean","R.sd","G.sd","B.sd","col","K.mean","fungus_temp"
"1",185.344495305648,170.824504790576,151.82115413694,9.31952270582293,9.1580751929155,12.9728641371829,"#B9AB98",0.273158841938634,"DF13_15"
"2",195.156559993919,184.061349498942,154.795063534897,18.7472597791307,15.4957602980853,16.253874248304,"#C3B89B",0.234680156886593,"DF13_15"
"3",218.395767178339,204.374089202187,191.946480334673,9.55736034043728,10.347408403222,15.5342469690049,"#DACCC0",0.143546011065339,"DF13_15"
"4",196.403764450153,178.249464809143,167.188392670904,11.0855602014503,12.3736451281127,14.7823395351047,"#C4B2A7",0.229789159019007,"DF13_15"
