"","R.mean","G.mean","B.mean","R.sd","G.sd","B.sd","col","K.mean","fungus_temp"
"1",194.192043222004,193.033946652562,187.920167749736,7.67677005648494,8.44619036196741,14.7544471838608,"#C2C1BC",0.238462575599985,"DF17_18"
"2",208.300911854103,208.300911854103,208.300911854103,10.5701494770126,10.5701494770126,10.5701494770126,"#D0D0D0",0.183133679003516,"DF17_18"
"3",189.216097627862,187.010087951264,166.470686176569,18.1172338617289,16.3266135971769,13.7646048386297,"#BDBBA6",0.257976087733873,"DF17_18"
"4",189.34056122449,185.713293650794,161.561366213152,11.4001793496339,10.6140104008385,7.93363648204978,"#BDBAA2",0.257487995198079,"DF17_18"
