"","R.mean","G.mean","B.mean","R.sd","G.sd","B.sd","col","K.mean","fungus_temp"
"1",202.088892381027,199.647521018308,190.550989584697,3.8797753051116,5.28029380032454,7.32535547518753,"#CAC8BF",0.207494539682246,"DF25_15"
"2",204.281488927327,204.00080007293,196.862359867286,14.944502312303,15.1186102555473,17.8132168013203,"#CCCCC5",0.198896121853621,"DF25_15"
"3",216.805199596148,212.72655036502,198.095953712333,6.02726861237772,7.13599583033254,14.5276398560361,"#D9D5C6",0.149783530995499,"DF25_15"
"4",198.236867054514,195.293438914027,176.435692738634,7.70504358911424,8.26239372645862,18.7995540885398,"#C6C3B0",0.222600521354847,"DF25_15"
