"","R.mean","G.mean","B.mean","R.sd","G.sd","B.sd","col","K.mean","fungus_temp"
"1",190.224707602339,183.874269005848,157.770857699805,5.21645589366735,4.68388947365073,7.61316368885532,"#BEB89E",0.254020754500631,"M_30"
"2",208.079825834543,197.164005805515,163.293904208999,7.74197524404722,7.3125080211738,5.92718773036569,"#D0C5A3",0.184000683001793,"M_30"
"3",212.681492897347,201.863314124899,169.352492629322,5.91013569391089,4.28893406016948,6.04082269995233,"#D5CAA9",0.165954929814327,"M_30"
"4",191.568331441544,187.748496027242,161.752213393871,9.47456602693227,10.142868193981,15.5787926533907,"#C0BCA2",0.248751641405711,"M_30"
