"","R.mean","G.mean","B.mean","R.sd","G.sd","B.sd","col","K.mean","fungus_temp"
"1",187.260167464115,183.533492822967,174.300039872408,12.5670566468526,13.3289585644835,21.8077755300235,"#BBB8AE",0.26564640210151,"DF37_21"
"2",199.805429062943,200.160013155232,197.32334041692,9.97799404647379,9.85538013680513,11.3753882679694,"#C8C8C5",0.215058771940268,"DF37_21"
"3",200.053426601784,189.381893755069,162.928933495539,16.8329424448491,13.870318131021,15.0763280974511,"#C8BDA3",0.215476758424376,"DF37_21"
"4",200.62240402769,187.456010069226,155.653185091952,9.8216992858721,8.55037842681756,6.13535411897633,"#C9BB9C",0.213245474401214,"DF37_21"
