"","R.mean","G.mean","B.mean","R.sd","G.sd","B.sd","col","K.mean","fungus_temp"
"1",179.240161312752,177.752468363232,164.782227784731,12.5927117661872,10.4873683453176,13.6407460911648,"#B3B2A5",0.297097406616659,"DF42_12"
"2",183.493233082707,182.9998843262,173.624175824176,10.3288283919081,10.2760892503998,17.6856208330502,"#B7B7AE",0.280418693793307,"DF42_12"
"3",191.384549801683,188.093375838677,162.820810319902,17.9900705971063,16.9485268905488,13.2180637506032,"#BFBCA3",0.249472353718891,"DF42_12"
"4",193.628301886792,189.786163522013,163.523270440252,3.75686651209982,3.66024438001431,5.15515624454031,"#C2BEA4",0.240673325934147,"DF42_12"
