"","R.mean","G.mean","B.mean","R.sd","G.sd","B.sd","col","K.mean","fungus_temp"
"1",151.821368933652,138.550511011444,112.383848716133,12.0986871454269,13.6544858339641,11.7848424527206,"#988B70",0.404622082613131,"DF56_27"
"2",133.770974300857,118.830905636479,97.3477217426086,6.24835275471647,6.26016822003439,6.56931393368975,"#867761",0.475407943918209,"DF56_27"
"3",153.7880269131,139.604085603113,112.563878080415,12.6961724921826,12.9980039650921,12.1731252154313,"#9A8C71",0.396909698380001,"DF56_27"
"4",171.277679542982,163.85133297062,137.394703093425,5.36664374527273,4.97915159216442,5.97430934814576,"#ABA489",0.328322825321641,"DF56_27"
