"","R.mean","G.mean","B.mean","R.sd","G.sd","B.sd","col","K.mean","fungus_temp"
"1",148.53373015873,148.99858276644,145.279761904762,9.33994547431126,9.26730370205478,10.5180331797458,"#959591",0.415691832288471,"DF56_33"
"2",144.913556251029,145.365145774996,141.752429583265,5.68984665854739,5.4876775719564,7.87793252014319,"#91918E",0.429940604803938,"DF56_33"
"3",157.575487012987,157.685876623377,156.80275974026,6.8617785328277,6.80915408022563,7.59079283082297,"#9E9E9D",0.38162401324166,"DF56_33"
"4",166.554989788972,166.341511232131,166.365908781484,6.52337004720065,6.35047870969152,6.40803184886604,"#A7A6A6",0.346843177298149,"DF56_33"
