"","R.mean","G.mean","B.mean","R.sd","G.sd","B.sd","col","K.mean","fungus_temp"
"1",170.700826483914,155.653571184627,109.325684182965,12.9920179331676,16.8816367212476,28.1486934649535,"#AB9C6D",0.330584994180728,"C23_18"
"2",195.066330928274,183.674187162581,145.729213649099,11.8155255808563,12.1470218204293,23.5772554511701,"#C3B892",0.235033996359711,"C23_18"
"3",196.487893241588,180.62621002424,137.545312377825,15.7383366527625,19.9922914826262,31.6106987159302,"#C4B58A",0.229459242189852,"C23_18"
"4",167.116174609008,148.533341500265,103.948875005104,5.75326121679268,5.2018636564291,9.47315664982419,"#A79568",0.344642452513694,"C23_18"
