"","R.mean","G.mean","B.mean","R.sd","G.sd","B.sd","col","K.mean","fungus_temp"
"1",136.046950048031,109.487872238232,71.3408981748319,8.42590851230458,8.82351580229257,8.21851955368826,"#886D47",0.466482548831252,"DF04_27"
"2",129.707838964264,100.497588010996,61.6292364990689,3.72459386731128,3.15909586842691,3.8889480709234,"#82643E",0.49134180798328,"DF04_27"
"3",154.295598229809,124.943673937095,85.7583767978505,14.5306655123182,15.5832811967744,14.993439210753,"#9A7D56",0.394919222628201,"DF04_27"
"4",162.143555973659,135.362746942615,88.6571966133584,4.46669402667521,4.75573186157849,5.6140914584726,"#A28759",0.364142917750355,"DF04_27"
