"","R.mean","G.mean","B.mean","R.sd","G.sd","B.sd","col","K.mean","fungus_temp"
"1",185.343737816764,174.971686159844,136.275804093567,20.318558728711,22.790202622859,41.6588152340471,"#B9AF88",0.273161812483278,"DF10_18"
"2",215.735245449531,215.735245449531,215.735245449531,5.1381476659757,5.1381476659757,5.1381476659757,"#D8D8D8",0.153979429609682,"DF10_18"
"3",192.462226752747,179.759882206365,129.258579680598,18.8465383859217,15.9027704639904,26.3667518402244,"#C0B481",0.245246169597072,"DF10_18"
"4",193.160716911765,168.990992647059,90.5910477941176,4.39952481130091,4.45784075140352,10.1731722478498,"#C1A95B",0.242506992502884,"DF10_18"
