"","R.mean","G.mean","B.mean","R.sd","G.sd","B.sd","col","K.mean","fungus_temp"
"1",188.150853100291,186.045544920701,168.910251075045,12.1078339755075,11.0064219633956,15.5050438724714,"#BCBAA9",0.26215351725376,"DF16_12"
"2",199.046501608456,198.968146829044,194.539646522672,14.749564675619,14.5160089463485,18.9329570221361,"#C7C7C3",0.219425483888408,"DF16_12"
"3",196.296529539688,193.697784523378,171.392805364262,15.4385765571855,12.8860424670809,9.50396833477063,"#C4C2AB",0.230209688079654,"DF16_12"
"4",196.164421027229,192.164421027229,167.164421027229,4.71263495857993,4.71263495857993,4.71263495857993,"#C4C0A7",0.230727760677532,"DF16_12"
