"","R.mean","G.mean","B.mean","R.sd","G.sd","B.sd","col","K.mean","fungus_temp"
"1",169.048891459418,168.989666473877,168.867514941199,7.3822626836306,7.348593143257,7.39565021251919,"#A9A9A9",0.337063170747381,"DF17_33"
"2",163.406032482599,163.406032482599,163.406032482599,4.29817276361935,4.29817276361935,4.29817276361935,"#A3A3A3",0.359192029480005,"DF17_33"
"3",137.343899979835,134.604436378302,127.226819923372,24.7190036759369,26.1380296197193,31.1898706759125,"#89877F",0.461396470667315,"DF17_33"
"4",145.746575998468,141.669667656355,132.746815439134,32.9037376210745,33.5638614970998,38.2325891824178,"#928E85",0.428444800006009,"DF17_33"
