"","R.mean","G.mean","B.mean","R.sd","G.sd","B.sd","col","K.mean","fungus_temp"
"1",163.137958919618,157.54520459324,140.994177583697,12.5659688771286,12.5339802763956,13.582324033994,"#A39E8D",0.360243298354438,"DF25_27"
"2",149.703041869593,143.033173392868,131.714915873716,7.70281094815745,7.51582520839256,8.72035534181313,"#968F84",0.412929247570224,"DF25_27"
"3",170.148317448362,164.351927734671,152.686471179479,25.1674483268033,25.3979735309091,23.4286945026539,"#AAA499",0.332751696280932,"DF25_27"
"4",188.083442551332,182.460899956313,169.914809960682,10.8918126704675,11.0298139860719,12.7328039107394,"#BCB6AA",0.262417872347716,"DF25_27"
