"","R.mean","G.mean","B.mean","R.sd","G.sd","B.sd","col","K.mean","fungus_temp"
"1",193.031143951834,190.117378215654,172.876683087028,11.7224119443581,11.7370493947051,19.9856788910853,"#C1BEAD",0.243015121757515,"DF32_15"
"2",207.541449312812,207.548442319805,207.492498263861,8.44903539595202,8.44887585839784,8.4731306548194,"#D0D0CF",0.186084539922334,"DF32_15"
"3",209.608931749664,207.250826341215,188.710671606553,14.3674670663251,14.7275440483896,23.4367469512935,"#D2CFBD",0.178004189217004,"DF32_15"
"4",197.763975155279,195.357586512866,179.022182786158,11.1255238123357,12.9147667913402,23.8228446384964,"#C6C3B3",0.224454999391061,"DF32_15"
