"","R.mean","G.mean","B.mean","R.sd","G.sd","B.sd","col","K.mean","fungus_temp"
"1",177.904190340909,176.689524147727,165.072407670455,10.8859303889909,11.4941014763977,18.7150712679857,"#B2B1A5",0.302336508467023,"C31_24"
"2",188.213293995141,188.811273091905,180.867426433723,8.7421663810474,9.20067642750747,10.8997995410527,"#BCBDB5",0.259563634933707,"C31_24"
"3",187.596,184.364,157.89,17.3652494302717,16.9851846323197,18.7688689292073,"#BCB89E",0.264329411764706,"C31_24"
"4",185.843510841837,181.317960778061,149.558514030612,15.3463198119952,14.277654643741,10.1899879921298,"#BAB596",0.271201918267307,"C31_24"
