"","R.mean","G.mean","B.mean","R.sd","G.sd","B.sd","col","K.mean","fungus_temp"
"1",197.553551223612,193.504380435134,163.426276145217,12.8390630840689,11.6512102431879,8.21898793434148,"#C6C2A3",0.225280191279952,"DF42_15"
"2",201.965576592083,198.52495697074,168.819277108434,14.0671610455872,14.2734917147453,14.0088656716938,"#CAC7A9",0.207978131011441,"DF42_15"
"3",211.608253187206,208.427532990382,176.873294564974,1.80762254452667,1.92907867199198,2.89532253827046,"#D4D0B1",0.170163712991347,"DF42_15"
"4",202.844257178527,199.110174781523,171.982833957553,3.50518413602143,3.8194568642779,2.66554471656829,"#CBC7AC",0.204532324790091,"DF42_15"
