"","R.mean","G.mean","B.mean","R.sd","G.sd","B.sd","col","K.mean","fungus_temp"
"1",168.845006103902,157.050308209371,121.263567994454,16.353076788904,17.6689092831284,19.3901103308425,"#A99D79",0.337862721161169,"DF56_30"
"2",189.295096322242,176.169877408056,138.478984238179,7.03986099945716,6.85169322668495,8.70768826386863,"#BDB08A",0.257666288932386,"DF56_30"
"3",162.81976471202,142.478649311352,102.202903276294,22.0585617257273,24.5540260972305,26.263034907754,"#A38E66",0.361491118776392,"DF56_30"
"4",144.036476885274,125.501961942132,88.3349587611193,13.2978246663387,15.7584408466168,17.7294526278794,"#907E58",0.435151071038141,"DF56_30"
