"","R.mean","G.mean","B.mean","R.sd","G.sd","B.sd","col","K.mean","fungus_temp"
"1",136.149755562207,121.598506767767,92.9482357245003,14.0901657854345,14.8765582958144,13.5375493348791,"#887A5D",0.46607938995213,"DF56_21"
"2",169.124758106585,156.093408719942,122.411984451512,15.1264490623472,14.8648679758465,16.3651602427855,"#A99C7A",0.336765654483982,"DF56_21"
"3",161.849299215636,147.074128841456,117.966053748232,22.5330221092024,24.0786176175045,25.2509761488324,"#A29376",0.365296865821036,"DF56_21"
"4",127.146503302265,112.451114128757,84.716632718145,12.6058106474695,12.6344811377061,13.0802257796805,"#7F7055",0.501386261559744,"DF56_21"
